"STATION","NAME","LATITUDE","LONGITUDE","ELEVATION","DATE","PRCP","SNOW"
"US1MNRM0112","LITTLE CANADA 0.9 SSW, MN US","45.01173","-93.09227","275.8","2020-04-30","0.0",
"US1MNRM0112","LITTLE CANADA 0.9 SSW, MN US","45.01173","-93.09227","275.8","2020-05-01","0.0",
"US1MNRM0112","LITTLE CANADA 0.9 SSW, MN US","45.01173","-93.09227","275.8","2020-05-02","0.0",
"US1MNRM0112","LITTLE CANADA 0.9 SSW, MN US","45.01173","-93.09227","275.8","2020-05-03","0.0",
"US1MNRM0112","LITTLE CANADA 0.9 SSW, MN US","45.01173","-93.09227","275.8","2020-05-04","0.0",
"US1MNRM0112","LITTLE CANADA 0.9 SSW, MN US","45.01173","-93.09227","275.8","2020-05-05","0.0",
"US1MNRM0112","LITTLE CANADA 0.9 SSW, MN US","45.01173","-93.09227","275.8","2020-05-06","0.0",
"US1MNRM0112","LITTLE CANADA 0.9 SSW, MN US","45.01173","-93.09227","275.8","2020-05-07","0.0",
"US1MNRM0112","LITTLE CANADA 0.9 SSW, MN US","45.01173","-93.09227","275.8","2020-05-08","0.0",
"US1MNRM0112","LITTLE CANADA 0.9 SSW, MN US","45.01173","-93.09227","275.8","2020-05-09","0.0",
"US1MNRM0112","LITTLE CANADA 0.9 SSW, MN US","45.01173","-93.09227","275.8","2020-05-10","0.5",
"US1MNRM0112","LITTLE CANADA 0.9 SSW, MN US","45.01173","-93.09227","275.8","2020-05-11","0.0",
"US1MNRM0112","LITTLE CANADA 0.9 SSW, MN US","45.01173","-93.09227","275.8","2020-05-12","0.0",
"US1MNRM0112","LITTLE CANADA 0.9 SSW, MN US","45.01173","-93.09227","275.8","2020-05-13","0.0",
"US1MNRM0112","LITTLE CANADA 0.9 SSW, MN US","45.01173","-93.09227","275.8","2020-05-14","2.0",
"US1MNRM0112","LITTLE CANADA 0.9 SSW, MN US","45.01173","-93.09227","275.8","2020-05-15","0.0",
"US1MNRM0112","LITTLE CANADA 0.9 SSW, MN US","45.01173","-93.09227","275.8","2020-05-16","0.0",
"US1MNRM0112","LITTLE CANADA 0.9 SSW, MN US","45.01173","-93.09227","275.8","2020-05-17","47.2",
"US1MNRM0112","LITTLE CANADA 0.9 SSW, MN US","45.01173","-93.09227","275.8","2020-05-18","29.2",
"US1MNRM0112","LITTLE CANADA 0.9 SSW, MN US","45.01173","-93.09227","275.8","2020-05-19","0.0",
"US1MNRM0112","LITTLE CANADA 0.9 SSW, MN US","45.01173","-93.09227","275.8","2020-05-20","0.0",
"US1MNRM0112","LITTLE CANADA 0.9 SSW, MN US","45.01173","-93.09227","275.8","2020-05-21","0.0",
"US1MNRM0112","LITTLE CANADA 0.9 SSW, MN US","45.01173","-93.09227","275.8","2020-05-22","0.0",
"US1MNRM0112","LITTLE CANADA 0.9 SSW, MN US","45.01173","-93.09227","275.8","2020-05-23","3.8",
"US1MNRM0112","LITTLE CANADA 0.9 SSW, MN US","45.01173","-93.09227","275.8","2020-05-25","0.0",
"US1MNRM0112","LITTLE CANADA 0.9 SSW, MN US","45.01173","-93.09227","275.8","2020-05-26","1.8",
"US1MNRM0112","LITTLE CANADA 0.9 SSW, MN US","45.01173","-93.09227","275.8","2020-05-27","22.4",
"US1MNRM0112","LITTLE CANADA 0.9 SSW, MN US","45.01173","-93.09227","275.8","2020-05-28","0.0",
"US1MNRM0112","LITTLE CANADA 0.9 SSW, MN US","45.01173","-93.09227","275.8","2020-05-29","0.0",
"US1MNRM0112","LITTLE CANADA 0.9 SSW, MN US","45.01173","-93.09227","275.8","2020-05-30","0.0",
"US1MNRM0112","LITTLE CANADA 0.9 SSW, MN US","45.01173","-93.09227","275.8","2020-05-31","0.0",
"US1MNRM0112","LITTLE CANADA 0.9 SSW, MN US","45.01173","-93.09227","275.8","2020-06-01","0.0",
"US1MNRM0112","LITTLE CANADA 0.9 SSW, MN US","45.01173","-93.09227","275.8","2020-06-02","0.0",
"US1MNRM0112","LITTLE CANADA 0.9 SSW, MN US","45.01173","-93.09227","275.8","2020-06-03","18.5",
"US1MNRM0112","LITTLE CANADA 0.9 SSW, MN US","45.01173","-93.09227","275.8","2020-06-04","0.0",
"US1MNRM0112","LITTLE CANADA 0.9 SSW, MN US","45.01173","-93.09227","275.8","2020-06-05","5.6",
"US1MNRM0112","LITTLE CANADA 0.9 SSW, MN US","45.01173","-93.09227","275.8","2020-06-06","0.0",
"US1MNRM0112","LITTLE CANADA 0.9 SSW, MN US","45.01173","-93.09227","275.8","2020-06-07","3.0",
"US1MNRM0112","LITTLE CANADA 0.9 SSW, MN US","45.01173","-93.09227","275.8","2020-06-08","0.0",
"US1MNRM0112","LITTLE CANADA 0.9 SSW, MN US","45.01173","-93.09227","275.8","2020-06-09","0.0",
"US1MNRM0112","LITTLE CANADA 0.9 SSW, MN US","45.01173","-93.09227","275.8","2020-06-10","18.3",
"US1MNRM0112","LITTLE CANADA 0.9 SSW, MN US","45.01173","-93.09227","275.8","2020-06-13","0.0",
"US1MNRM0112","LITTLE CANADA 0.9 SSW, MN US","45.01173","-93.09227","275.8","2020-06-14","0.0",
"US1MNRM0112","LITTLE CANADA 0.9 SSW, MN US","45.01173","-93.09227","275.8","2020-06-15","0.0",
"US1MNRM0112","LITTLE CANADA 0.9 SSW, MN US","45.01173","-93.09227","275.8","2020-06-16","0.0",
"US1MNRM0112","LITTLE CANADA 0.9 SSW, MN US","45.01173","-93.09227","275.8","2020-06-17","0.0",
"US1MNRM0112","LITTLE CANADA 0.9 SSW, MN US","45.01173","-93.09227","275.8","2020-06-18","0.0",
"US1MNRM0112","LITTLE CANADA 0.9 SSW, MN US","45.01173","-93.09227","275.8","2020-06-19","15.7",
"US1MNRM0112","LITTLE CANADA 0.9 SSW, MN US","45.01173","-93.09227","275.8","2020-06-20","0.0",
"US1MNRM0112","LITTLE CANADA 0.9 SSW, MN US","45.01173","-93.09227","275.8","2020-06-21","1.3",
"US1MNRM0112","LITTLE CANADA 0.9 SSW, MN US","45.01173","-93.09227","275.8","2020-06-24","1.3",
"US1MNRM0112","LITTLE CANADA 0.9 SSW, MN US","45.01173","-93.09227","275.8","2020-06-25","0.0",
"US1MNRM0112","LITTLE CANADA 0.9 SSW, MN US","45.01173","-93.09227","275.8","2020-06-26","0.0",
"US1MNRM0112","LITTLE CANADA 0.9 SSW, MN US","45.01173","-93.09227","275.8","2020-06-27","0.0",
"US1MNRM0112","LITTLE CANADA 0.9 SSW, MN US","45.01173","-93.09227","275.8","2020-06-28","0.0",
"US1MNRM0112","LITTLE CANADA 0.9 SSW, MN US","45.01173","-93.09227","275.8","2020-06-29","38.1",
"US1MNRM0112","LITTLE CANADA 0.9 SSW, MN US","45.01173","-93.09227","275.8","2020-06-30","8.9",
"US1MNRM0112","LITTLE CANADA 0.9 SSW, MN US","45.01173","-93.09227","275.8","2020-07-01","0.0",
"US1MNRM0112","LITTLE CANADA 0.9 SSW, MN US","45.01173","-93.09227","275.8","2020-07-02","0.0",
"US1MNRM0112","LITTLE CANADA 0.9 SSW, MN US","45.01173","-93.09227","275.8","2020-07-04","0.0",
"US1MNRM0112","LITTLE CANADA 0.9 SSW, MN US","45.01173","-93.09227","275.8","2020-07-06","0.0",
"US1MNRM0112","LITTLE CANADA 0.9 SSW, MN US","45.01173","-93.09227","275.8","2020-07-07","5.1",
"US1MNRM0112","LITTLE CANADA 0.9 SSW, MN US","45.01173","-93.09227","275.8","2020-07-08","1.3",
"US1MNRM0112","LITTLE CANADA 0.9 SSW, MN US","45.01173","-93.09227","275.8","2020-07-09","6.1",
"US1MNRM0112","LITTLE CANADA 0.9 SSW, MN US","45.01173","-93.09227","275.8","2020-07-11","0.0",
"US1MNRM0112","LITTLE CANADA 0.9 SSW, MN US","45.01173","-93.09227","275.8","2020-07-12","0.5",
"US1MNRM0112","LITTLE CANADA 0.9 SSW, MN US","45.01173","-93.09227","275.8","2020-07-13","0.0",
"US1MNRM0112","LITTLE CANADA 0.9 SSW, MN US","45.01173","-93.09227","275.8","2020-07-14","16.3",
"US1MNRM0112","LITTLE CANADA 0.9 SSW, MN US","45.01173","-93.09227","275.8","2020-07-15","3.6",
"US1MNRM0112","LITTLE CANADA 0.9 SSW, MN US","45.01173","-93.09227","275.8","2020-07-16","0.0",
"US1MNRM0112","LITTLE CANADA 0.9 SSW, MN US","45.01173","-93.09227","275.8","2020-07-18","11.4",
"US1MNRM0112","LITTLE CANADA 0.9 SSW, MN US","45.01173","-93.09227","275.8","2020-07-19","1.3",
"US1MNRM0112","LITTLE CANADA 0.9 SSW, MN US","45.01173","-93.09227","275.8","2020-07-20","0.0",
"US1MNRM0112","LITTLE CANADA 0.9 SSW, MN US","45.01173","-93.09227","275.8","2020-07-21","4.3",
"US1MNRM0112","LITTLE CANADA 0.9 SSW, MN US","45.01173","-93.09227","275.8","2020-07-22","5.3",
"US1MNRM0112","LITTLE CANADA 0.9 SSW, MN US","45.01173","-93.09227","275.8","2020-07-23","0.0",
"US1MNRM0112","LITTLE CANADA 0.9 SSW, MN US","45.01173","-93.09227","275.8","2020-07-24","0.0",
"US1MNRM0112","LITTLE CANADA 0.9 SSW, MN US","45.01173","-93.09227","275.8","2020-07-26","21.3",
"US1MNRM0112","LITTLE CANADA 0.9 SSW, MN US","45.01173","-93.09227","275.8","2020-07-27","1.3",
"US1MNRM0112","LITTLE CANADA 0.9 SSW, MN US","45.01173","-93.09227","275.8","2020-07-28","0.8",
"US1MNRM0112","LITTLE CANADA 0.9 SSW, MN US","45.01173","-93.09227","275.8","2020-07-29","0.0",
"US1MNRM0112","LITTLE CANADA 0.9 SSW, MN US","45.01173","-93.09227","275.8","2020-07-30","0.0",
"US1MNRM0112","LITTLE CANADA 0.9 SSW, MN US","45.01173","-93.09227","275.8","2020-07-31","0.0",
"US1MNRM0112","LITTLE CANADA 0.9 SSW, MN US","45.01173","-93.09227","275.8","2020-08-01","0.0",
"US1MNRM0112","LITTLE CANADA 0.9 SSW, MN US","45.01173","-93.09227","275.8","2020-08-04","0.0",
"US1MNRM0112","LITTLE CANADA 0.9 SSW, MN US","45.01173","-93.09227","275.8","2020-08-05","0.0",
"US1MNRM0112","LITTLE CANADA 0.9 SSW, MN US","45.01173","-93.09227","275.8","2020-08-06","0.0",
"US1MNRM0112","LITTLE CANADA 0.9 SSW, MN US","45.01173","-93.09227","275.8","2020-08-07","0.0",
"US1MNRM0112","LITTLE CANADA 0.9 SSW, MN US","45.01173","-93.09227","275.8","2020-08-08","0.0",
"US1MNRM0112","LITTLE CANADA 0.9 SSW, MN US","45.01173","-93.09227","275.8","2020-08-09","0.0",
"US1MNRM0112","LITTLE CANADA 0.9 SSW, MN US","45.01173","-93.09227","275.8","2020-08-10","26.7",
"US1MNRM0112","LITTLE CANADA 0.9 SSW, MN US","45.01173","-93.09227","275.8","2020-08-12","0.0",
"US1MNRM0112","LITTLE CANADA 0.9 SSW, MN US","45.01173","-93.09227","275.8","2020-08-13","14.5",
"US1MNRM0112","LITTLE CANADA 0.9 SSW, MN US","45.01173","-93.09227","275.8","2020-08-15","19.1",
"US1MNRM0112","LITTLE CANADA 0.9 SSW, MN US","45.01173","-93.09227","275.8","2020-08-17","3.3",
"US1MNRM0112","LITTLE CANADA 0.9 SSW, MN US","45.01173","-93.09227","275.8","2020-08-19","0.0",
"US1MNRM0112","LITTLE CANADA 0.9 SSW, MN US","45.01173","-93.09227","275.8","2020-08-22","9.4",
"US1MNRM0112","LITTLE CANADA 0.9 SSW, MN US","45.01173","-93.09227","275.8","2020-08-23","0.0",
"US1MNRM0112","LITTLE CANADA 0.9 SSW, MN US","45.01173","-93.09227","275.8","2020-08-24","1.0",
"US1MNRM0112","LITTLE CANADA 0.9 SSW, MN US","45.01173","-93.09227","275.8","2020-08-25","0.0",
"US1MNRM0112","LITTLE CANADA 0.9 SSW, MN US","45.01173","-93.09227","275.8","2020-08-26","0.0",
"US1MNRM0112","LITTLE CANADA 0.9 SSW, MN US","45.01173","-93.09227","275.8","2020-08-27","0.0",
"US1MNRM0112","LITTLE CANADA 0.9 SSW, MN US","45.01173","-93.09227","275.8","2020-08-28","7.6",
"US1MNRM0112","LITTLE CANADA 0.9 SSW, MN US","45.01173","-93.09227","275.8","2020-08-31","10.7",
"US1MNRM0112","LITTLE CANADA 0.9 SSW, MN US","45.01173","-93.09227","275.8","2020-09-01","0.0",
"US1MNRM0112","LITTLE CANADA 0.9 SSW, MN US","45.01173","-93.09227","275.8","2020-09-02","0.0",
"US1MNRM0112","LITTLE CANADA 0.9 SSW, MN US","45.01173","-93.09227","275.8","2020-09-03","0.0",
"US1MNRM0112","LITTLE CANADA 0.9 SSW, MN US","45.01173","-93.09227","275.8","2020-09-04","0.0",
"US1MNRM0112","LITTLE CANADA 0.9 SSW, MN US","45.01173","-93.09227","275.8","2020-09-06","0.0",
"US1MNRM0112","LITTLE CANADA 0.9 SSW, MN US","45.01173","-93.09227","275.8","2020-09-07","0.0",
"US1MNRM0112","LITTLE CANADA 0.9 SSW, MN US","45.01173","-93.09227","275.8","2020-09-08","5.1",
"US1MNRM0112","LITTLE CANADA 0.9 SSW, MN US","45.01173","-93.09227","275.8","2020-09-09","0.0",
"US1MNRM0112","LITTLE CANADA 0.9 SSW, MN US","45.01173","-93.09227","275.8","2020-09-10","4.3",
"US1MNRM0112","LITTLE CANADA 0.9 SSW, MN US","45.01173","-93.09227","275.8","2020-09-11","0.0",
"US1MNRM0112","LITTLE CANADA 0.9 SSW, MN US","45.01173","-93.09227","275.8","2020-09-12","5.3",
"US1MNRM0112","LITTLE CANADA 0.9 SSW, MN US","45.01173","-93.09227","275.8","2020-09-13","0.0",
"US1MNRM0112","LITTLE CANADA 0.9 SSW, MN US","45.01173","-93.09227","275.8","2020-09-14","0.0",
"US1MNRM0112","LITTLE CANADA 0.9 SSW, MN US","45.01173","-93.09227","275.8","2020-09-15","0.5",
"US1MNRM0112","LITTLE CANADA 0.9 SSW, MN US","45.01173","-93.09227","275.8","2020-09-18","0.0",
"US1MNRM0112","LITTLE CANADA 0.9 SSW, MN US","45.01173","-93.09227","275.8","2020-09-19","0.0",
"US1MNRM0112","LITTLE CANADA 0.9 SSW, MN US","45.01173","-93.09227","275.8","2020-09-21","0.0",
"US1MNRM0112","LITTLE CANADA 0.9 SSW, MN US","45.01173","-93.09227","275.8","2020-09-22","0.0",
"US1MNRM0112","LITTLE CANADA 0.9 SSW, MN US","45.01173","-93.09227","275.8","2020-09-23","0.0",
"US1MNRM0112","LITTLE CANADA 0.9 SSW, MN US","45.01173","-93.09227","275.8","2020-09-24","9.1",
"US1MNRM0112","LITTLE CANADA 0.9 SSW, MN US","45.01173","-93.09227","275.8","2020-09-25","0.0",
"US1MNRM0112","LITTLE CANADA 0.9 SSW, MN US","45.01173","-93.09227","275.8","2020-09-26","0.0",
"US1MNRM0112","LITTLE CANADA 0.9 SSW, MN US","45.01173","-93.09227","275.8","2020-09-27","1.5",
"US1MNRM0112","LITTLE CANADA 0.9 SSW, MN US","45.01173","-93.09227","275.8","2020-09-28","1.8",
"US1MNRM0112","LITTLE CANADA 0.9 SSW, MN US","45.01173","-93.09227","275.8","2020-09-30","0.5",
"US1MNRM0112","LITTLE CANADA 0.9 SSW, MN US","45.01173","-93.09227","275.8","2020-10-01","3.0",
"US1MNRM0112","LITTLE CANADA 0.9 SSW, MN US","45.01173","-93.09227","275.8","2020-10-06","0.0",
"US1MNRM0112","LITTLE CANADA 0.9 SSW, MN US","45.01173","-93.09227","275.8","2020-10-08","0.0",
"US1MNRM0112","LITTLE CANADA 0.9 SSW, MN US","45.01173","-93.09227","275.8","2020-10-10","0.0",
"US1MNRM0112","LITTLE CANADA 0.9 SSW, MN US","45.01173","-93.09227","275.8","2020-10-11","0.0",
"US1MNRM0112","LITTLE CANADA 0.9 SSW, MN US","45.01173","-93.09227","275.8","2020-10-12","23.9",
"US1MNRM0112","LITTLE CANADA 0.9 SSW, MN US","45.01173","-93.09227","275.8","2020-10-13","1.3",
"US1MNRM0112","LITTLE CANADA 0.9 SSW, MN US","45.01173","-93.09227","275.8","2020-10-14","1.0",
"US1MNRM0112","LITTLE CANADA 0.9 SSW, MN US","45.01173","-93.09227","275.8","2020-10-16","0.0",
"US1MNRM0112","LITTLE CANADA 0.9 SSW, MN US","45.01173","-93.09227","275.8","2020-10-17","1.3",
"US1MNRM0112","LITTLE CANADA 0.9 SSW, MN US","45.01173","-93.09227","275.8","2020-10-19","0.0",
"US1MNRM0112","LITTLE CANADA 0.9 SSW, MN US","45.01173","-93.09227","275.8","2020-10-20","1.3",
"US1MNRM0112","LITTLE CANADA 0.9 SSW, MN US","45.01173","-93.09227","275.8","2020-10-21","18.3",
"US1MNRM0112","LITTLE CANADA 0.9 SSW, MN US","45.01173","-93.09227","275.8","2020-10-22","0.0",
"US1MNRM0112","LITTLE CANADA 0.9 SSW, MN US","45.01173","-93.09227","275.8","2020-10-23","3.0",
"US1MNRM0112","LITTLE CANADA 0.9 SSW, MN US","45.01173","-93.09227","275.8","2020-10-24","0.0",
"US1MNRM0112","LITTLE CANADA 0.9 SSW, MN US","45.01173","-93.09227","275.8","2020-10-25","0.0",
"US1MNRM0112","LITTLE CANADA 0.9 SSW, MN US","45.01173","-93.09227","275.8","2020-10-26","1.0",
"US1MNRM0112","LITTLE CANADA 0.9 SSW, MN US","45.01173","-93.09227","275.8","2020-10-28","0.0",
"US1MNRM0112","LITTLE CANADA 0.9 SSW, MN US","45.01173","-93.09227","275.8","2020-10-29","0.0",
"US1MNRM0112","LITTLE CANADA 0.9 SSW, MN US","45.01173","-93.09227","275.8","2020-11-01","0.0",
"US1MNRM0112","LITTLE CANADA 0.9 SSW, MN US","45.01173","-93.09227","275.8","2020-11-02","0.0",
"US1MNRM0112","LITTLE CANADA 0.9 SSW, MN US","45.01173","-93.09227","275.8","2020-11-03","0.0",
"US1MNRM0112","LITTLE CANADA 0.9 SSW, MN US","45.01173","-93.09227","275.8","2020-11-04","0.0",
"US1MNRM0112","LITTLE CANADA 0.9 SSW, MN US","45.01173","-93.09227","275.8","2020-11-06","0.0",
"US1MNRM0112","LITTLE CANADA 0.9 SSW, MN US","45.01173","-93.09227","275.8","2020-11-07","0.0",
"US1MNRM0112","LITTLE CANADA 0.9 SSW, MN US","45.01173","-93.09227","275.8","2020-11-08","0.0",
"US1MNRM0112","LITTLE CANADA 0.9 SSW, MN US","45.01173","-93.09227","275.8","2020-11-09","0.0",
"US1MNRM0112","LITTLE CANADA 0.9 SSW, MN US","45.01173","-93.09227","275.8","2020-11-10","8.9",
"US1MNRM0112","LITTLE CANADA 0.9 SSW, MN US","45.01173","-93.09227","275.8","2020-11-11","18.0",
"US1MNRM0112","LITTLE CANADA 0.9 SSW, MN US","45.01173","-93.09227","275.8","2020-11-12","0.0",
"US1MNRM0112","LITTLE CANADA 0.9 SSW, MN US","45.01173","-93.09227","275.8","2020-11-13","3.8",
"US1MNRM0112","LITTLE CANADA 0.9 SSW, MN US","45.01173","-93.09227","275.8","2020-11-14","0.0",
"US1MNRM0112","LITTLE CANADA 0.9 SSW, MN US","45.01173","-93.09227","275.8","2020-11-15","3.8",
"US1MNRM0112","LITTLE CANADA 0.9 SSW, MN US","45.01173","-93.09227","275.8","2020-11-16","0.0",
"US1MNRM0112","LITTLE CANADA 0.9 SSW, MN US","45.01173","-93.09227","275.8","2020-11-17","0.0",
"US1MNRM0112","LITTLE CANADA 0.9 SSW, MN US","45.01173","-93.09227","275.8","2020-11-18","0.0",
"US1MNRM0112","LITTLE CANADA 0.9 SSW, MN US","45.01173","-93.09227","275.8","2020-11-19","0.0",
"US1MNRM0112","LITTLE CANADA 0.9 SSW, MN US","45.01173","-93.09227","275.8","2020-11-20","0.0",
"US1MNRM0112","LITTLE CANADA 0.9 SSW, MN US","45.01173","-93.09227","275.8","2020-11-21","0.0",
"US1MNRM0112","LITTLE CANADA 0.9 SSW, MN US","45.01173","-93.09227","275.8","2020-11-22","1.3",
"US1MNRM0112","LITTLE CANADA 0.9 SSW, MN US","45.01173","-93.09227","275.8","2020-11-23","0.0",
"US1MNRM0112","LITTLE CANADA 0.9 SSW, MN US","45.01173","-93.09227","275.8","2020-11-25","0.0",
"US1MNRM0112","LITTLE CANADA 0.9 SSW, MN US","45.01173","-93.09227","275.8","2020-11-26","0.0",
"US1MNRM0112","LITTLE CANADA 0.9 SSW, MN US","45.01173","-93.09227","275.8","2020-11-27","0.0",
"US1MNRM0112","LITTLE CANADA 0.9 SSW, MN US","45.01173","-93.09227","275.8","2020-11-28","0.0",
"US1MNRM0112","LITTLE CANADA 0.9 SSW, MN US","45.01173","-93.09227","275.8","2020-11-29","0.0",
"US1MNRM0112","LITTLE CANADA 0.9 SSW, MN US","45.01173","-93.09227","275.8","2020-11-30","0.0",
"US1MNRM0112","LITTLE CANADA 0.9 SSW, MN US","45.01173","-93.09227","275.8","2020-12-01","0.0",
"US1MNRM0112","LITTLE CANADA 0.9 SSW, MN US","45.01173","-93.09227","275.8","2020-12-02","0.0",
"US1MNRM0112","LITTLE CANADA 0.9 SSW, MN US","45.01173","-93.09227","275.8","2020-12-03","0.0",
"US1MNRM0112","LITTLE CANADA 0.9 SSW, MN US","45.01173","-93.09227","275.8","2020-12-04","0.0",
"US1MNRM0112","LITTLE CANADA 0.9 SSW, MN US","45.01173","-93.09227","275.8","2020-12-05","0.0",
"US1MNRM0112","LITTLE CANADA 0.9 SSW, MN US","45.01173","-93.09227","275.8","2020-12-06","0.0",
"US1MNRM0112","LITTLE CANADA 0.9 SSW, MN US","45.01173","-93.09227","275.8","2020-12-07","0.0",
"US1MNRM0112","LITTLE CANADA 0.9 SSW, MN US","45.01173","-93.09227","275.8","2020-12-08","0.0",
"US1MNRM0112","LITTLE CANADA 0.9 SSW, MN US","45.01173","-93.09227","275.8","2020-12-09","0.0",
"US1MNRM0112","LITTLE CANADA 0.9 SSW, MN US","45.01173","-93.09227","275.8","2020-12-10","0.0",
"US1MNRM0112","LITTLE CANADA 0.9 SSW, MN US","45.01173","-93.09227","275.8","2020-12-11","0.0",
"US1MNRM0112","LITTLE CANADA 0.9 SSW, MN US","45.01173","-93.09227","275.8","2020-12-12","0.0",
"US1MNRM0112","LITTLE CANADA 0.9 SSW, MN US","45.01173","-93.09227","275.8","2020-12-13","0.0",
"US1MNRM0112","LITTLE CANADA 0.9 SSW, MN US","45.01173","-93.09227","275.8","2020-12-14","0.0",
"US1MNRM0112","LITTLE CANADA 0.9 SSW, MN US","45.01173","-93.09227","275.8","2020-12-15","0.0",
"US1MNRM0112","LITTLE CANADA 0.9 SSW, MN US","45.01173","-93.09227","275.8","2020-12-16","0.0",
"US1MNRM0112","LITTLE CANADA 0.9 SSW, MN US","45.01173","-93.09227","275.8","2020-12-17","0.0",
"US1MNRM0112","LITTLE CANADA 0.9 SSW, MN US","45.01173","-93.09227","275.8","2020-12-19","0.0",
"US1MNRM0112","LITTLE CANADA 0.9 SSW, MN US","45.01173","-93.09227","275.8","2020-12-20","0.0",
"US1MNRM0112","LITTLE CANADA 0.9 SSW, MN US","45.01173","-93.09227","275.8","2020-12-21","0.0",
"US1MNRM0112","LITTLE CANADA 0.9 SSW, MN US","45.01173","-93.09227","275.8","2020-12-22","0.0",
"US1MNRM0112","LITTLE CANADA 0.9 SSW, MN US","45.01173","-93.09227","275.8","2020-12-23","0.0",
"US1MNRM0112","LITTLE CANADA 0.9 SSW, MN US","45.01173","-93.09227","275.8","2020-12-25","0.0",
"US1MNRM0112","LITTLE CANADA 0.9 SSW, MN US","45.01173","-93.09227","275.8","2020-12-26","0.0",
"US1MNRM0112","LITTLE CANADA 0.9 SSW, MN US","45.01173","-93.09227","275.8","2020-12-27","0.0",
"US1MNRM0112","LITTLE CANADA 0.9 SSW, MN US","45.01173","-93.09227","275.8","2020-12-28","2.5",
"US1MNRM0112","LITTLE CANADA 0.9 SSW, MN US","45.01173","-93.09227","275.8","2020-12-29","0.0",
"US1MNRM0112","LITTLE CANADA 0.9 SSW, MN US","45.01173","-93.09227","275.8","2020-12-30","4.3",
"US1MNRM0112","LITTLE CANADA 0.9 SSW, MN US","45.01173","-93.09227","275.8","2020-12-31","0.0",
"US1MNRM0112","LITTLE CANADA 0.9 SSW, MN US","45.01173","-93.09227","275.8","2021-01-01","0.0",
"US1MNRM0112","LITTLE CANADA 0.9 SSW, MN US","45.01173","-93.09227","275.8","2021-01-02","0.0",
"US1MNRM0112","LITTLE CANADA 0.9 SSW, MN US","45.01173","-93.09227","275.8","2021-01-03","0.0",
"US1MNRM0112","LITTLE CANADA 0.9 SSW, MN US","45.01173","-93.09227","275.8","2021-01-04","0.0",
"US1MNRM0112","LITTLE CANADA 0.9 SSW, MN US","45.01173","-93.09227","275.8","2021-01-05","0.0",
"US1MNRM0112","LITTLE CANADA 0.9 SSW, MN US","45.01173","-93.09227","275.8","2021-01-06","0.0",
"US1MNRM0112","LITTLE CANADA 0.9 SSW, MN US","45.01173","-93.09227","275.8","2021-01-07","0.0",
"US1MNRM0112","LITTLE CANADA 0.9 SSW, MN US","45.01173","-93.09227","275.8","2021-01-08","0.0",
"US1MNRM0112","LITTLE CANADA 0.9 SSW, MN US","45.01173","-93.09227","275.8","2021-01-09","0.0",
"US1MNRM0112","LITTLE CANADA 0.9 SSW, MN US","45.01173","-93.09227","275.8","2021-01-10","0.0",
"US1MNRM0112","LITTLE CANADA 0.9 SSW, MN US","45.01173","-93.09227","275.8","2021-01-12","0.0",
"US1MNRM0112","LITTLE CANADA 0.9 SSW, MN US","45.01173","-93.09227","275.8","2021-01-13","0.0",
"US1MNRM0112","LITTLE CANADA 0.9 SSW, MN US","45.01173","-93.09227","275.8","2021-01-14","0.0",
"US1MNRM0112","LITTLE CANADA 0.9 SSW, MN US","45.01173","-93.09227","275.8","2021-01-15","8.6",
"US1MNRM0112","LITTLE CANADA 0.9 SSW, MN US","45.01173","-93.09227","275.8","2021-01-16","0.0",
"US1MNRM0112","LITTLE CANADA 0.9 SSW, MN US","45.01173","-93.09227","275.8","2021-01-17","0.0",
"US1MNRM0112","LITTLE CANADA 0.9 SSW, MN US","45.01173","-93.09227","275.8","2021-01-18","0.0",
"US1MNRM0112","LITTLE CANADA 0.9 SSW, MN US","45.01173","-93.09227","275.8","2021-01-19","0.0",
"US1MNRM0112","LITTLE CANADA 0.9 SSW, MN US","45.01173","-93.09227","275.8","2021-01-20","0.5",
"US1MNRM0112","LITTLE CANADA 0.9 SSW, MN US","45.01173","-93.09227","275.8","2021-01-21","0.0",
"US1MNRM0112","LITTLE CANADA 0.9 SSW, MN US","45.01173","-93.09227","275.8","2021-01-22","0.0",
"US1MNRM0112","LITTLE CANADA 0.9 SSW, MN US","45.01173","-93.09227","275.8","2021-01-23","0.0",
"US1MNRM0112","LITTLE CANADA 0.9 SSW, MN US","45.01173","-93.09227","275.8","2021-01-24","6.6",
"US1MNRM0112","LITTLE CANADA 0.9 SSW, MN US","45.01173","-93.09227","275.8","2021-01-25","0.0",
"US1MNRM0112","LITTLE CANADA 0.9 SSW, MN US","45.01173","-93.09227","275.8","2021-01-26","0.0","0.0"
"US1MNRM0112","LITTLE CANADA 0.9 SSW, MN US","45.01173","-93.09227","275.8","2021-01-28","0.0","0.0"
"US1MNRM0112","LITTLE CANADA 0.9 SSW, MN US","45.01173","-93.09227","275.8","2021-01-29","0.0","0.0"
"US1MNRM0112","LITTLE CANADA 0.9 SSW, MN US","45.01173","-93.09227","275.8","2021-01-31","0.0",
"US1MNRM0112","LITTLE CANADA 0.9 SSW, MN US","45.01173","-93.09227","275.8","2021-02-01","0.0","0.0"
"US1MNRM0112","LITTLE CANADA 0.9 SSW, MN US","45.01173","-93.09227","275.8","2021-02-02","0.0","0.0"
"US1MNRM0112","LITTLE CANADA 0.9 SSW, MN US","45.01173","-93.09227","275.8","2021-02-03","0.0","0.0"
"US1MNRM0112","LITTLE CANADA 0.9 SSW, MN US","45.01173","-93.09227","275.8","2021-02-04","4.3",
"US1MNRM0112","LITTLE CANADA 0.9 SSW, MN US","45.01173","-93.09227","275.8","2021-02-05","2.0",
"US1MNRM0112","LITTLE CANADA 0.9 SSW, MN US","45.01173","-93.09227","275.8","2021-02-06","0.0","0.0"
"US1MNRM0112","LITTLE CANADA 0.9 SSW, MN US","45.01173","-93.09227","275.8","2021-02-07","0.0","0.0"
"US1MNRM0112","LITTLE CANADA 0.9 SSW, MN US","45.01173","-93.09227","275.8","2021-02-08","0.0",
"US1MNRM0112","LITTLE CANADA 0.9 SSW, MN US","45.01173","-93.09227","275.8","2021-02-09","0.3",
"US1MNRM0112","LITTLE CANADA 0.9 SSW, MN US","45.01173","-93.09227","275.8","2021-02-10","0.0","0.0"
"US1MNRM0112","LITTLE CANADA 0.9 SSW, MN US","45.01173","-93.09227","275.8","2021-02-11","0.0","0.0"
"US1MNRM0112","LITTLE CANADA 0.9 SSW, MN US","45.01173","-93.09227","275.8","2021-02-12","0.8",
"US1MNRM0112","LITTLE CANADA 0.9 SSW, MN US","45.01173","-93.09227","275.8","2021-02-13","0.0","0.0"
"US1MNRM0112","LITTLE CANADA 0.9 SSW, MN US","45.01173","-93.09227","275.8","2021-02-15","0.0","0.0"
"US1MNRM0112","LITTLE CANADA 0.9 SSW, MN US","45.01173","-93.09227","275.8","2021-02-16","0.0","0.0"
"US1MNRM0112","LITTLE CANADA 0.9 SSW, MN US","45.01173","-93.09227","275.8","2021-02-18","1.3",
"US1MNRM0112","LITTLE CANADA 0.9 SSW, MN US","45.01173","-93.09227","275.8","2021-02-19","0.0",
"US1MNRM0112","LITTLE CANADA 0.9 SSW, MN US","45.01173","-93.09227","275.8","2021-02-20","0.0","0.0"
"US1MNRM0112","LITTLE CANADA 0.9 SSW, MN US","45.01173","-93.09227","275.8","2021-02-21","0.0","0.0"
"US1MNRM0112","LITTLE CANADA 0.9 SSW, MN US","45.01173","-93.09227","275.8","2021-02-22","1.0",
"US1MNRM0112","LITTLE CANADA 0.9 SSW, MN US","45.01173","-93.09227","275.8","2021-02-23","0.0","0.0"
"US1MNRM0112","LITTLE CANADA 0.9 SSW, MN US","45.01173","-93.09227","275.8","2021-02-24","0.3",
"US1MNRM0112","LITTLE CANADA 0.9 SSW, MN US","45.01173","-93.09227","275.8","2021-02-25","0.0","0.0"
"US1MNRM0112","LITTLE CANADA 0.9 SSW, MN US","45.01173","-93.09227","275.8","2021-02-26","0.0","0.0"
"US1MNRM0112","LITTLE CANADA 0.9 SSW, MN US","45.01173","-93.09227","275.8","2021-02-27","0.0","0.0"
"US1MNRM0112","LITTLE CANADA 0.9 SSW, MN US","45.01173","-93.09227","275.8","2021-02-28","1.3",
"US1MNRM0112","LITTLE CANADA 0.9 SSW, MN US","45.01173","-93.09227","275.8","2021-03-01","1.3",
"US1MNRM0112","LITTLE CANADA 0.9 SSW, MN US","45.01173","-93.09227","275.8","2021-03-02","0.0","0.0"
"US1MNRM0112","LITTLE CANADA 0.9 SSW, MN US","45.01173","-93.09227","275.8","2021-03-03","0.0","0.0"
"US1MNRM0112","LITTLE CANADA 0.9 SSW, MN US","45.01173","-93.09227","275.8","2021-03-04","0.0","0.0"
"US1MNRM0112","LITTLE CANADA 0.9 SSW, MN US","45.01173","-93.09227","275.8","2021-03-05","0.0","0.0"
"US1MNRM0112","LITTLE CANADA 0.9 SSW, MN US","45.01173","-93.09227","275.8","2021-03-07","0.0","0.0"
"US1MNRM0112","LITTLE CANADA 0.9 SSW, MN US","45.01173","-93.09227","275.8","2021-03-08","0.0","0.0"
"US1MNRM0112","LITTLE CANADA 0.9 SSW, MN US","45.01173","-93.09227","275.8","2021-03-11","18.3",
"US1MNRM0112","LITTLE CANADA 0.9 SSW, MN US","45.01173","-93.09227","275.8","2021-03-12","0.0","0.0"
"US1MNRM0112","LITTLE CANADA 0.9 SSW, MN US","45.01173","-93.09227","275.8","2021-03-13","0.0","0.0"
"US1MNRM0112","LITTLE CANADA 0.9 SSW, MN US","45.01173","-93.09227","275.8","2021-03-14","0.0","0.0"
"US1MNRM0112","LITTLE CANADA 0.9 SSW, MN US","45.01173","-93.09227","275.8","2021-03-15","0.0","0.0"
"US1MNRM0112","LITTLE CANADA 0.9 SSW, MN US","45.01173","-93.09227","275.8","2021-03-16","5.8",
"US1MNRM0112","LITTLE CANADA 0.9 SSW, MN US","45.01173","-93.09227","275.8","2021-03-17","1.3",
"US1MNRM0112","LITTLE CANADA 0.9 SSW, MN US","45.01173","-93.09227","275.8","2021-03-18","0.0","0.0"
"US1MNRM0112","LITTLE CANADA 0.9 SSW, MN US","45.01173","-93.09227","275.8","2021-03-19","0.0","0.0"
"US1MNRM0112","LITTLE CANADA 0.9 SSW, MN US","45.01173","-93.09227","275.8","2021-03-20","0.0","0.0"
"US1MNRM0112","LITTLE CANADA 0.9 SSW, MN US","45.01173","-93.09227","275.8","2021-03-21","0.0","0.0"
"US1MNRM0112","LITTLE CANADA 0.9 SSW, MN US","45.01173","-93.09227","275.8","2021-03-22","0.0",
"US1MNRM0112","LITTLE CANADA 0.9 SSW, MN US","45.01173","-93.09227","275.8","2021-03-23","0.0",
"US1MNRM0112","LITTLE CANADA 0.9 SSW, MN US","45.01173","-93.09227","275.8","2021-03-24","28.2",
"US1MNRM0112","LITTLE CANADA 0.9 SSW, MN US","45.01173","-93.09227","275.8","2021-03-25","3.8",
"US1MNRM0112","LITTLE CANADA 0.9 SSW, MN US","45.01173","-93.09227","275.8","2021-03-26","0.0","0.0"
"US1MNRM0112","LITTLE CANADA 0.9 SSW, MN US","45.01173","-93.09227","275.8","2021-03-27","0.0","0.0"
"US1MNRM0112","LITTLE CANADA 0.9 SSW, MN US","45.01173","-93.09227","275.8","2021-03-28","5.3",
"US1MNRM0112","LITTLE CANADA 0.9 SSW, MN US","45.01173","-93.09227","275.8","2021-03-29","0.0","0.0"
"US1MNRM0112","LITTLE CANADA 0.9 SSW, MN US","45.01173","-93.09227","275.8","2021-03-30","0.0","0.0"
"US1MNRM0112","LITTLE CANADA 0.9 SSW, MN US","45.01173","-93.09227","275.8","2021-03-31","0.0","0.0"
"US1MNRM0112","LITTLE CANADA 0.9 SSW, MN US","45.01173","-93.09227","275.8","2021-04-01","0.0","0.0"
"US1MNRM0112","LITTLE CANADA 0.9 SSW, MN US","45.01173","-93.09227","275.8","2021-04-02","0.0","0.0"
"US1MNRM0112","LITTLE CANADA 0.9 SSW, MN US","45.01173","-93.09227","275.8","2021-04-03","0.0","0.0"
"US1MNRM0112","LITTLE CANADA 0.9 SSW, MN US","45.01173","-93.09227","275.8","2021-04-05","0.0","0.0"
"US1MNRM0112","LITTLE CANADA 0.9 SSW, MN US","45.01173","-93.09227","275.8","2021-04-07","17.5",
"US1MNRM0112","LITTLE CANADA 0.9 SSW, MN US","45.01173","-93.09227","275.8","2021-04-08","3.3",
"US1MNRM0112","LITTLE CANADA 0.9 SSW, MN US","45.01173","-93.09227","275.8","2021-04-09","3.3",
"US1MNRM0112","LITTLE CANADA 0.9 SSW, MN US","45.01173","-93.09227","275.8","2021-04-10","6.4",
"US1MNRM0112","LITTLE CANADA 0.9 SSW, MN US","45.01173","-93.09227","275.8","2021-04-11","0.0",
"US1MNRM0112","LITTLE CANADA 0.9 SSW, MN US","45.01173","-93.09227","275.8","2021-04-12","0.0","0.0"
"US1MNRM0112","LITTLE CANADA 0.9 SSW, MN US","45.01173","-93.09227","275.8","2021-04-13","3.6",
"US1MNRM0112","LITTLE CANADA 0.9 SSW, MN US","45.01173","-93.09227","275.8","2021-04-14","1.3",
"US1MNRM0112","LITTLE CANADA 0.9 SSW, MN US","45.01173","-93.09227","275.8","2021-04-15","1.3",
"US1MNRM0112","LITTLE CANADA 0.9 SSW, MN US","45.01173","-93.09227","275.8","2021-04-16","0.0","0.0"
"US1MNRM0112","LITTLE CANADA 0.9 SSW, MN US","45.01173","-93.09227","275.8","2021-04-17","0.0","0.0"
"US1MNRM0112","LITTLE CANADA 0.9 SSW, MN US","45.01173","-93.09227","275.8","2021-04-18","0.0","0.0"
"US1MNRM0112","LITTLE CANADA 0.9 SSW, MN US","45.01173","-93.09227","275.8","2021-04-19","1.3",
"US1MNRM0112","LITTLE CANADA 0.9 SSW, MN US","45.01173","-93.09227","275.8","2021-04-26","8.1",
"US1MNRM0112","LITTLE CANADA 0.9 SSW, MN US","45.01173","-93.09227","275.8","2021-04-27","1.3",
"US1MNRM0112","LITTLE CANADA 0.9 SSW, MN US","45.01173","-93.09227","275.8","2021-04-28","11.4",
"US1MNRM0112","LITTLE CANADA 0.9 SSW, MN US","45.01173","-93.09227","275.8","2021-04-29","0.0","0.0"
"US1MNRM0112","LITTLE CANADA 0.9 SSW, MN US","45.01173","-93.09227","275.8","2021-04-30","0.0","0.0"
"US1MNRM0112","LITTLE CANADA 0.9 SSW, MN US","45.01173","-93.09227","275.8","2021-05-01","0.0","0.0"
"US1MNRM0112","LITTLE CANADA 0.9 SSW, MN US","45.01173","-93.09227","275.8","2021-05-02","0.0","0.0"
"US1MNRM0112","LITTLE CANADA 0.9 SSW, MN US","45.01173","-93.09227","275.8","2021-05-04","0.0","0.0"
"US1MNRM0112","LITTLE CANADA 0.9 SSW, MN US","45.01173","-93.09227","275.8","2021-05-05","0.0","0.0"
"US1MNRM0112","LITTLE CANADA 0.9 SSW, MN US","45.01173","-93.09227","275.8","2021-05-10","0.0","0.0"
"US1MNRM0112","LITTLE CANADA 0.9 SSW, MN US","45.01173","-93.09227","275.8","2021-05-11","0.0","0.0"
"US1MNRM0112","LITTLE CANADA 0.9 SSW, MN US","45.01173","-93.09227","275.8","2021-05-12","0.0","0.0"
"US1MNRM0112","LITTLE CANADA 0.9 SSW, MN US","45.01173","-93.09227","275.8","2021-05-13","0.0","0.0"
"US1MNRM0112","LITTLE CANADA 0.9 SSW, MN US","45.01173","-93.09227","275.8","2021-05-14","0.0","0.0"
"US1MNRM0112","LITTLE CANADA 0.9 SSW, MN US","45.01173","-93.09227","275.8","2021-05-15","0.3",
"US1MNRM0112","LITTLE CANADA 0.9 SSW, MN US","45.01173","-93.09227","275.8","2021-05-16","0.0","0.0"
"US1MNRM0112","LITTLE CANADA 0.9 SSW, MN US","45.01173","-93.09227","275.8","2021-05-17","0.0","0.0"
"US1MNRM0112","LITTLE CANADA 0.9 SSW, MN US","45.01173","-93.09227","275.8","2021-05-18","0.0","0.0"
"US1MNRM0112","LITTLE CANADA 0.9 SSW, MN US","45.01173","-93.09227","275.8","2021-05-19","2.8",
"US1MNRM0112","LITTLE CANADA 0.9 SSW, MN US","45.01173","-93.09227","275.8","2021-05-20","24.4",
"US1MNRM0112","LITTLE CANADA 0.9 SSW, MN US","45.01173","-93.09227","275.8","2021-05-21","18.0",
"US1MNRM0112","LITTLE CANADA 0.9 SSW, MN US","45.01173","-93.09227","275.8","2021-05-22","1.8",
"US1MNRM0112","LITTLE CANADA 0.9 SSW, MN US","45.01173","-93.09227","275.8","2021-05-23","0.0","0.0"
"US1MNRM0112","LITTLE CANADA 0.9 SSW, MN US","45.01173","-93.09227","275.8","2021-05-25","5.6",
"US1MNRM0112","LITTLE CANADA 0.9 SSW, MN US","45.01173","-93.09227","275.8","2021-05-26","0.0","0.0"
"US1MNRM0112","LITTLE CANADA 0.9 SSW, MN US","45.01173","-93.09227","275.8","2021-05-27","6.4",
"US1MNRM0112","LITTLE CANADA 0.9 SSW, MN US","45.01173","-93.09227","275.8","2021-05-28","22.6",
"US1MNRM0112","LITTLE CANADA 0.9 SSW, MN US","45.01173","-93.09227","275.8","2021-05-29","0.0","0.0"
"US1MNRM0112","LITTLE CANADA 0.9 SSW, MN US","45.01173","-93.09227","275.8","2021-05-30","0.5",
"US1MNRM0112","LITTLE CANADA 0.9 SSW, MN US","45.01173","-93.09227","275.8","2021-05-31","0.8",
"US1MNRM0112","LITTLE CANADA 0.9 SSW, MN US","45.01173","-93.09227","275.8","2021-06-01","0.0","0.0"
"US1MNRM0112","LITTLE CANADA 0.9 SSW, MN US","45.01173","-93.09227","275.8","2021-06-02","0.0","0.0"
"US1MNRM0112","LITTLE CANADA 0.9 SSW, MN US","45.01173","-93.09227","275.8","2021-06-03","0.0","0.0"
"US1MNRM0112","LITTLE CANADA 0.9 SSW, MN US","45.01173","-93.09227","275.8","2021-06-04","0.0","0.0"
"US1MNRM0112","LITTLE CANADA 0.9 SSW, MN US","45.01173","-93.09227","275.8","2021-06-05","0.0","0.0"
"US1MNRM0112","LITTLE CANADA 0.9 SSW, MN US","45.01173","-93.09227","275.8","2021-06-06","0.0","0.0"
"US1MNRM0112","LITTLE CANADA 0.9 SSW, MN US","45.01173","-93.09227","275.8","2021-06-07","0.0","0.0"
"US1MNRM0112","LITTLE CANADA 0.9 SSW, MN US","45.01173","-93.09227","275.8","2021-06-08","0.0","0.0"
"US1MNRM0112","LITTLE CANADA 0.9 SSW, MN US","45.01173","-93.09227","275.8","2021-06-09","0.0","0.0"
"US1MNRM0112","LITTLE CANADA 0.9 SSW, MN US","45.01173","-93.09227","275.8","2021-06-10","0.0","0.0"
"US1MNRM0112","LITTLE CANADA 0.9 SSW, MN US","45.01173","-93.09227","275.8","2021-06-11","0.0","0.0"
"US1MNRM0112","LITTLE CANADA 0.9 SSW, MN US","45.01173","-93.09227","275.8","2021-06-12","0.0","0.0"
"US1MNRM0112","LITTLE CANADA 0.9 SSW, MN US","45.01173","-93.09227","275.8","2021-06-13","0.0","0.0"
"US1MNRM0112","LITTLE CANADA 0.9 SSW, MN US","45.01173","-93.09227","275.8","2021-06-14","0.0","0.0"
"US1MNRM0112","LITTLE CANADA 0.9 SSW, MN US","45.01173","-93.09227","275.8","2021-06-15","0.0","0.0"
"US1MNRM0112","LITTLE CANADA 0.9 SSW, MN US","45.01173","-93.09227","275.8","2021-06-16","0.0","0.0"
"US1MNRM0112","LITTLE CANADA 0.9 SSW, MN US","45.01173","-93.09227","275.8","2021-06-17","0.0","0.0"
"US1MNRM0112","LITTLE CANADA 0.9 SSW, MN US","45.01173","-93.09227","275.8","2021-06-18","0.0","0.0"
"US1MNRM0112","LITTLE CANADA 0.9 SSW, MN US","45.01173","-93.09227","275.8","2021-06-20","0.5",
"US1MNRM0112","LITTLE CANADA 0.9 SSW, MN US","45.01173","-93.09227","275.8","2021-06-21","16.5",
"US1MNRM0112","LITTLE CANADA 0.9 SSW, MN US","45.01173","-93.09227","275.8","2021-06-22","0.0","0.0"
"US1MNRM0112","LITTLE CANADA 0.9 SSW, MN US","45.01173","-93.09227","275.8","2021-06-23","0.0","0.0"
"US1MNRM0112","LITTLE CANADA 0.9 SSW, MN US","45.01173","-93.09227","275.8","2021-06-24","0.0","0.0"
"US1MNRM0112","LITTLE CANADA 0.9 SSW, MN US","45.01173","-93.09227","275.8","2021-06-25","0.0","0.0"
"US1MNRM0112","LITTLE CANADA 0.9 SSW, MN US","45.01173","-93.09227","275.8","2021-06-26","0.0","0.0"
"US1MNRM0112","LITTLE CANADA 0.9 SSW, MN US","45.01173","-93.09227","275.8","2021-06-28","7.9",
"US1MNRM0112","LITTLE CANADA 0.9 SSW, MN US","45.01173","-93.09227","275.8","2021-07-02","0.0","0.0"
"US1MNRM0112","LITTLE CANADA 0.9 SSW, MN US","45.01173","-93.09227","275.8","2021-07-03","0.0","0.0"
"US1MNRM0112","LITTLE CANADA 0.9 SSW, MN US","45.01173","-93.09227","275.8","2021-07-04","0.0","0.0"
"US1MNRM0112","LITTLE CANADA 0.9 SSW, MN US","45.01173","-93.09227","275.8","2021-07-05","0.0","0.0"
"US1MNRM0112","LITTLE CANADA 0.9 SSW, MN US","45.01173","-93.09227","275.8","2021-07-06","0.0","0.0"
"US1MNRM0112","LITTLE CANADA 0.9 SSW, MN US","45.01173","-93.09227","275.8","2021-07-07","9.1",
"US1MNRM0112","LITTLE CANADA 0.9 SSW, MN US","45.01173","-93.09227","275.8","2021-07-08","0.0","0.0"
"US1MNRM0112","LITTLE CANADA 0.9 SSW, MN US","45.01173","-93.09227","275.8","2021-07-09","0.3",
"US1MNRM0112","LITTLE CANADA 0.9 SSW, MN US","45.01173","-93.09227","275.8","2021-07-10","0.0","0.0"
"US1MNRM0112","LITTLE CANADA 0.9 SSW, MN US","45.01173","-93.09227","275.8","2021-07-11","0.0","0.0"
"US1MNRM0112","LITTLE CANADA 0.9 SSW, MN US","45.01173","-93.09227","275.8","2021-07-12","0.0","0.0"
"US1MNRM0112","LITTLE CANADA 0.9 SSW, MN US","45.01173","-93.09227","275.8","2021-07-13","0.0","0.0"
"US1MNRM0112","LITTLE CANADA 0.9 SSW, MN US","45.01173","-93.09227","275.8","2021-07-14","7.6",
"US1MNRM0112","LITTLE CANADA 0.9 SSW, MN US","45.01173","-93.09227","275.8","2021-07-15","14.2",
"US1MNRM0112","LITTLE CANADA 0.9 SSW, MN US","45.01173","-93.09227","275.8","2021-07-16","0.0","0.0"
"US1MNRM0112","LITTLE CANADA 0.9 SSW, MN US","45.01173","-93.09227","275.8","2021-07-17","0.0","0.0"
"US1MNRM0112","LITTLE CANADA 0.9 SSW, MN US","45.01173","-93.09227","275.8","2021-07-18","0.0","0.0"
"US1MNRM0112","LITTLE CANADA 0.9 SSW, MN US","45.01173","-93.09227","275.8","2021-07-19","0.0","0.0"
"US1MNRM0112","LITTLE CANADA 0.9 SSW, MN US","45.01173","-93.09227","275.8","2021-07-20","0.0","0.0"
"US1MNRM0112","LITTLE CANADA 0.9 SSW, MN US","45.01173","-93.09227","275.8","2021-07-21","0.0","0.0"
"US1MNRM0112","LITTLE CANADA 0.9 SSW, MN US","45.01173","-93.09227","275.8","2021-07-22","0.0","0.0"
"US1MNRM0112","LITTLE CANADA 0.9 SSW, MN US","45.01173","-93.09227","275.8","2021-07-23","0.0","0.0"
"US1MNRM0112","LITTLE CANADA 0.9 SSW, MN US","45.01173","-93.09227","275.8","2021-07-24","6.4",
"US1MNRM0112","LITTLE CANADA 0.9 SSW, MN US","45.01173","-93.09227","275.8","2021-07-25","0.0","0.0"
"US1MNRM0112","LITTLE CANADA 0.9 SSW, MN US","45.01173","-93.09227","275.8","2021-07-26","0.0",
"US1MNRM0112","LITTLE CANADA 0.9 SSW, MN US","45.01173","-93.09227","275.8","2021-07-27","0.0","0.0"
"US1MNRM0112","LITTLE CANADA 0.9 SSW, MN US","45.01173","-93.09227","275.8","2021-07-28","0.5",
"US1MNRM0112","LITTLE CANADA 0.9 SSW, MN US","45.01173","-93.09227","275.8","2021-07-29","2.5",
"US1MNRM0112","LITTLE CANADA 0.9 SSW, MN US","45.01173","-93.09227","275.8","2021-07-30","0.0","0.0"
"US1MNRM0112","LITTLE CANADA 0.9 SSW, MN US","45.01173","-93.09227","275.8","2021-07-31","0.0","0.0"
"US1MNRM0112","LITTLE CANADA 0.9 SSW, MN US","45.01173","-93.09227","275.8","2021-08-01","0.0","0.0"
"US1MNRM0112","LITTLE CANADA 0.9 SSW, MN US","45.01173","-93.09227","275.8","2021-08-02","0.0","0.0"
"US1MNRM0112","LITTLE CANADA 0.9 SSW, MN US","45.01173","-93.09227","275.8","2021-08-03","0.0","0.0"
"US1MNRM0112","LITTLE CANADA 0.9 SSW, MN US","45.01173","-93.09227","275.8","2021-08-04","0.0","0.0"
"US1MNRM0112","LITTLE CANADA 0.9 SSW, MN US","45.01173","-93.09227","275.8","2021-08-05","0.0","0.0"
"US1MNRM0112","LITTLE CANADA 0.9 SSW, MN US","45.01173","-93.09227","275.8","2021-08-06","0.0","0.0"
"US1MNRM0112","LITTLE CANADA 0.9 SSW, MN US","45.01173","-93.09227","275.8","2021-08-07","12.2",
"US1MNRM0112","LITTLE CANADA 0.9 SSW, MN US","45.01173","-93.09227","275.8","2021-08-08","18.8",
"US1MNRM0112","LITTLE CANADA 0.9 SSW, MN US","45.01173","-93.09227","275.8","2021-08-09","2.8",
"US1MNRM0112","LITTLE CANADA 0.9 SSW, MN US","45.01173","-93.09227","275.8","2021-08-10","0.0","0.0"
"US1MNRM0112","LITTLE CANADA 0.9 SSW, MN US","45.01173","-93.09227","275.8","2021-08-11","1.0",
"US1MNRM0112","LITTLE CANADA 0.9 SSW, MN US","45.01173","-93.09227","275.8","2021-08-12","0.0","0.0"
"US1MNRM0112","LITTLE CANADA 0.9 SSW, MN US","45.01173","-93.09227","275.8","2021-08-13","0.0","0.0"
"US1MNRM0112","LITTLE CANADA 0.9 SSW, MN US","45.01173","-93.09227","275.8","2021-08-14","0.0","0.0"
"US1MNRM0112","LITTLE CANADA 0.9 SSW, MN US","45.01173","-93.09227","275.8","2021-08-15","0.0","0.0"
"US1MNRM0112","LITTLE CANADA 0.9 SSW, MN US","45.01173","-93.09227","275.8","2021-08-16","0.0","0.0"
"US1MNRM0112","LITTLE CANADA 0.9 SSW, MN US","45.01173","-93.09227","275.8","2021-08-17","0.0","0.0"
"US1MNRM0112","LITTLE CANADA 0.9 SSW, MN US","45.01173","-93.09227","275.8","2021-08-18","0.0","0.0"
"US1MNRM0112","LITTLE CANADA 0.9 SSW, MN US","45.01173","-93.09227","275.8","2021-08-19","0.0","0.0"
"US1MNRM0112","LITTLE CANADA 0.9 SSW, MN US","45.01173","-93.09227","275.8","2021-08-20","0.0","0.0"
"US1MNRM0112","LITTLE CANADA 0.9 SSW, MN US","45.01173","-93.09227","275.8","2021-08-21","2.3",
"US1MNRM0112","LITTLE CANADA 0.9 SSW, MN US","45.01173","-93.09227","275.8","2021-08-22","0.0","0.0"
"US1MNRM0112","LITTLE CANADA 0.9 SSW, MN US","45.01173","-93.09227","275.8","2021-08-23","1.3",
"US1MNRM0112","LITTLE CANADA 0.9 SSW, MN US","45.01173","-93.09227","275.8","2021-08-24","24.4",
"US1MNRM0112","LITTLE CANADA 0.9 SSW, MN US","45.01173","-93.09227","275.8","2021-08-25","4.8",
"US1MNRM0112","LITTLE CANADA 0.9 SSW, MN US","45.01173","-93.09227","275.8","2021-08-26","0.0","0.0"
"US1MNRM0112","LITTLE CANADA 0.9 SSW, MN US","45.01173","-93.09227","275.8","2021-08-27","66.8",
"US1MNRM0112","LITTLE CANADA 0.9 SSW, MN US","45.01173","-93.09227","275.8","2021-08-28","0.0",
"US1MNRM0112","LITTLE CANADA 0.9 SSW, MN US","45.01173","-93.09227","275.8","2021-08-29","25.7",
"US1MNRM0112","LITTLE CANADA 0.9 SSW, MN US","45.01173","-93.09227","275.8","2021-08-30","0.5",
"US1MNRM0112","LITTLE CANADA 0.9 SSW, MN US","45.01173","-93.09227","275.8","2021-08-31","0.0","0.0"
"US1MNRM0112","LITTLE CANADA 0.9 SSW, MN US","45.01173","-93.09227","275.8","2021-09-01","0.0","0.0"
"US1MNRM0112","LITTLE CANADA 0.9 SSW, MN US","45.01173","-93.09227","275.8","2021-09-02","0.0","0.0"
"US1MNRM0112","LITTLE CANADA 0.9 SSW, MN US","45.01173","-93.09227","275.8","2021-09-03","29.0",
"US1MNRM0112","LITTLE CANADA 0.9 SSW, MN US","45.01173","-93.09227","275.8","2021-09-04","0.8",
"US1MNRM0112","LITTLE CANADA 0.9 SSW, MN US","45.01173","-93.09227","275.8","2021-09-05","0.0","0.0"
"US1MNRM0112","LITTLE CANADA 0.9 SSW, MN US","45.01173","-93.09227","275.8","2021-09-06","0.0","0.0"
"US1MNRM0112","LITTLE CANADA 0.9 SSW, MN US","45.01173","-93.09227","275.8","2021-09-07","0.0","0.0"
"US1MNRM0112","LITTLE CANADA 0.9 SSW, MN US","45.01173","-93.09227","275.8","2021-09-08","0.0","0.0"
"US1MNRM0112","LITTLE CANADA 0.9 SSW, MN US","45.01173","-93.09227","275.8","2021-09-09","1.8",
"US1MNRM0112","LITTLE CANADA 0.9 SSW, MN US","45.01173","-93.09227","275.8","2021-09-10","0.0","0.0"
"US1MNRM0112","LITTLE CANADA 0.9 SSW, MN US","45.01173","-93.09227","275.8","2021-09-12","0.0","0.0"
"US1MNRM0112","LITTLE CANADA 0.9 SSW, MN US","45.01173","-93.09227","275.8","2021-09-13","0.0","0.0"
"US1MNRM0112","LITTLE CANADA 0.9 SSW, MN US","45.01173","-93.09227","275.8","2021-09-14","4.3",
"US1MNRM0112","LITTLE CANADA 0.9 SSW, MN US","45.01173","-93.09227","275.8","2021-09-15","0.0","0.0"
"US1MNRM0112","LITTLE CANADA 0.9 SSW, MN US","45.01173","-93.09227","275.8","2021-09-16","0.8",
"US1MNRM0112","LITTLE CANADA 0.9 SSW, MN US","45.01173","-93.09227","275.8","2021-09-17","9.4",
"US1MNRM0112","LITTLE CANADA 0.9 SSW, MN US","45.01173","-93.09227","275.8","2021-09-18","0.0","0.0"
"US1MNRM0112","LITTLE CANADA 0.9 SSW, MN US","45.01173","-93.09227","275.8","2021-09-19","0.0",
"US1MNRM0112","LITTLE CANADA 0.9 SSW, MN US","45.01173","-93.09227","275.8","2021-09-20","0.0","0.0"
"US1MNRM0112","LITTLE CANADA 0.9 SSW, MN US","45.01173","-93.09227","275.8","2021-09-21","8.1",
"US1MNRM0112","LITTLE CANADA 0.9 SSW, MN US","45.01173","-93.09227","275.8","2021-09-23","0.0","0.0"
"US1MNRM0112","LITTLE CANADA 0.9 SSW, MN US","45.01173","-93.09227","275.8","2021-09-24","0.0","0.0"
"US1MNRM0112","LITTLE CANADA 0.9 SSW, MN US","45.01173","-93.09227","275.8","2021-09-25","0.0","0.0"
"US1MNRM0112","LITTLE CANADA 0.9 SSW, MN US","45.01173","-93.09227","275.8","2021-09-27","0.0","0.0"
"US1MNRM0112","LITTLE CANADA 0.9 SSW, MN US","45.01173","-93.09227","275.8","2021-09-28","0.0","0.0"
"US1MNRM0112","LITTLE CANADA 0.9 SSW, MN US","45.01173","-93.09227","275.8","2021-09-29","0.0","0.0"
"US1MNRM0112","LITTLE CANADA 0.9 SSW, MN US","45.01173","-93.09227","275.8","2021-09-30","0.0","0.0"
"US1MNRM0112","LITTLE CANADA 0.9 SSW, MN US","45.01173","-93.09227","275.8","2021-10-01","0.0","0.0"
"US1MNRM0112","LITTLE CANADA 0.9 SSW, MN US","45.01173","-93.09227","275.8","2021-10-02","1.0",
"US1MNRM0112","LITTLE CANADA 0.9 SSW, MN US","45.01173","-93.09227","275.8","2021-10-03","31.0",
"US1MNRM0112","LITTLE CANADA 0.9 SSW, MN US","45.01173","-93.09227","275.8","2021-10-05","0.0","0.0"
"US1MNRM0112","LITTLE CANADA 0.9 SSW, MN US","45.01173","-93.09227","275.8","2021-10-07","0.0","0.0"
"US1MNRM0112","LITTLE CANADA 0.9 SSW, MN US","45.01173","-93.09227","275.8","2021-10-09","0.3",
"US1MNRM0112","LITTLE CANADA 0.9 SSW, MN US","45.01173","-93.09227","275.8","2021-10-10","0.3",
"US1MNRM0112","LITTLE CANADA 0.9 SSW, MN US","45.01173","-93.09227","275.8","2021-10-11","0.0","0.0"
"US1MNRM0112","LITTLE CANADA 0.9 SSW, MN US","45.01173","-93.09227","275.8","2021-10-12","0.0","0.0"
"US1MNRM0112","LITTLE CANADA 0.9 SSW, MN US","45.01173","-93.09227","275.8","2021-10-13","0.0",
"US1MNRM0112","LITTLE CANADA 0.9 SSW, MN US","45.01173","-93.09227","275.8","2021-10-14","0.8",
"US1MNRM0112","LITTLE CANADA 0.9 SSW, MN US","45.01173","-93.09227","275.8","2021-10-15","0.0","0.0"
"US1MNRM0112","LITTLE CANADA 0.9 SSW, MN US","45.01173","-93.09227","275.8","2021-10-16","0.0","0.0"
"US1MNRM0112","LITTLE CANADA 0.9 SSW, MN US","45.01173","-93.09227","275.8","2021-10-17","0.0","0.0"
"US1MNRM0112","LITTLE CANADA 0.9 SSW, MN US","45.01173","-93.09227","275.8","2021-10-18","0.0","0.0"
"US1MNRM0112","LITTLE CANADA 0.9 SSW, MN US","45.01173","-93.09227","275.8","2021-10-19","0.0","0.0"
"US1MNRM0112","LITTLE CANADA 0.9 SSW, MN US","45.01173","-93.09227","275.8","2021-10-20","0.0","0.0"
"US1MNRM0112","LITTLE CANADA 0.9 SSW, MN US","45.01173","-93.09227","275.8","2021-10-21","10.7",
"US1MNRM0112","LITTLE CANADA 0.9 SSW, MN US","45.01173","-93.09227","275.8","2021-10-22","0.0","0.0"
"US1MNRM0112","LITTLE CANADA 0.9 SSW, MN US","45.01173","-93.09227","275.8","2021-10-24","0.0",
"US1MNRM0112","LITTLE CANADA 0.9 SSW, MN US","45.01173","-93.09227","275.8","2021-10-25","0.0","0.0"
"US1MNRM0112","LITTLE CANADA 0.9 SSW, MN US","45.01173","-93.09227","275.8","2021-10-27","0.3",
"US1MNRM0112","LITTLE CANADA 0.9 SSW, MN US","45.01173","-93.09227","275.8","2021-10-28","17.5",
"US1MNRM0112","LITTLE CANADA 0.9 SSW, MN US","45.01173","-93.09227","275.8","2021-10-30","0.0",
"US1MNRM0112","LITTLE CANADA 0.9 SSW, MN US","45.01173","-93.09227","275.8","2021-11-01","0.0","0.0"
"US1MNRM0112","LITTLE CANADA 0.9 SSW, MN US","45.01173","-93.09227","275.8","2021-11-02","0.0","0.0"
"US1MNRM0112","LITTLE CANADA 0.9 SSW, MN US","45.01173","-93.09227","275.8","2021-11-03","0.0","0.0"
"US1MNRM0112","LITTLE CANADA 0.9 SSW, MN US","45.01173","-93.09227","275.8","2021-11-04","0.0","0.0"
"US1MNRM0112","LITTLE CANADA 0.9 SSW, MN US","45.01173","-93.09227","275.8","2021-11-05","0.0","0.0"
"US1MNRM0112","LITTLE CANADA 0.9 SSW, MN US","45.01173","-93.09227","275.8","2021-11-06","0.0","0.0"
"US1MNRM0112","LITTLE CANADA 0.9 SSW, MN US","45.01173","-93.09227","275.8","2021-11-07","0.0","0.0"
"US1MNRM0112","LITTLE CANADA 0.9 SSW, MN US","45.01173","-93.09227","275.8","2021-11-08","0.0","0.0"
"US1MNRM0112","LITTLE CANADA 0.9 SSW, MN US","45.01173","-93.09227","275.8","2021-11-09","0.0","0.0"
"US1MNRM0112","LITTLE CANADA 0.9 SSW, MN US","45.01173","-93.09227","275.8","2021-11-10","0.0","0.0"
"US1MNRM0112","LITTLE CANADA 0.9 SSW, MN US","45.01173","-93.09227","275.8","2021-11-11","20.6",
"US1MNRM0112","LITTLE CANADA 0.9 SSW, MN US","45.01173","-93.09227","275.8","2021-11-12","2.0",
"US1MNRM0112","LITTLE CANADA 0.9 SSW, MN US","45.01173","-93.09227","275.8","2021-11-13","0.5",
"US1MNRM0112","LITTLE CANADA 0.9 SSW, MN US","45.01173","-93.09227","275.8","2021-11-14","3.8",
"US1MNRM0112","LITTLE CANADA 0.9 SSW, MN US","45.01173","-93.09227","275.8","2021-11-15","0.0","0.0"
"US1MNRM0112","LITTLE CANADA 0.9 SSW, MN US","45.01173","-93.09227","275.8","2021-11-16","0.0","0.0"
"US1MNRM0112","LITTLE CANADA 0.9 SSW, MN US","45.01173","-93.09227","275.8","2021-11-17","0.0","0.0"
"US1MNRM0112","LITTLE CANADA 0.9 SSW, MN US","45.01173","-93.09227","275.8","2021-11-18","0.0",
"US1MNRM0112","LITTLE CANADA 0.9 SSW, MN US","45.01173","-93.09227","275.8","2021-11-19","0.0",
"US1MNRM0112","LITTLE CANADA 0.9 SSW, MN US","45.01173","-93.09227","275.8","2021-11-21","0.0","0.0"
"US1MNRM0112","LITTLE CANADA 0.9 SSW, MN US","45.01173","-93.09227","275.8","2021-11-22","0.0","0.0"
"US1MNRM0112","LITTLE CANADA 0.9 SSW, MN US","45.01173","-93.09227","275.8","2021-11-24","0.0","0.0"
"US1MNRM0112","LITTLE CANADA 0.9 SSW, MN US","45.01173","-93.09227","275.8","2021-11-25","0.0","0.0"
"US1MNRM0112","LITTLE CANADA 0.9 SSW, MN US","45.01173","-93.09227","275.8","2021-11-26","0.0","0.0"
"US1MNRM0112","LITTLE CANADA 0.9 SSW, MN US","45.01173","-93.09227","275.8","2021-11-27","0.0","0.0"
"US1MNRM0112","LITTLE CANADA 0.9 SSW, MN US","45.01173","-93.09227","275.8","2021-11-28","0.0","0.0"
"US1MNRM0112","LITTLE CANADA 0.9 SSW, MN US","45.01173","-93.09227","275.8","2021-11-29","0.0","0.0"
"US1MNRM0112","LITTLE CANADA 0.9 SSW, MN US","45.01173","-93.09227","275.8","2021-11-30","0.0","0.0"
"US1MNRM0112","LITTLE CANADA 0.9 SSW, MN US","45.01173","-93.09227","275.8","2021-12-01","3.8",
"US1MNRM0112","LITTLE CANADA 0.9 SSW, MN US","45.01173","-93.09227","275.8","2021-12-02","0.0","0.0"
"US1MNRM0112","LITTLE CANADA 0.9 SSW, MN US","45.01173","-93.09227","275.8","2021-12-03","2.8",
"US1MNRM0112","LITTLE CANADA 0.9 SSW, MN US","45.01173","-93.09227","275.8","2021-12-04","0.0","0.0"
"US1MNRM0112","LITTLE CANADA 0.9 SSW, MN US","45.01173","-93.09227","275.8","2021-12-05","3.0",
"US1MNRM0112","LITTLE CANADA 0.9 SSW, MN US","45.01173","-93.09227","275.8","2021-12-06","0.3",
"US1MNRM0112","LITTLE CANADA 0.9 SSW, MN US","45.01173","-93.09227","275.8","2021-12-07","0.0",
"US1MNRM0112","LITTLE CANADA 0.9 SSW, MN US","45.01173","-93.09227","275.8","2021-12-08","1.3",
"US1MNRM0112","LITTLE CANADA 0.9 SSW, MN US","45.01173","-93.09227","275.8","2021-12-09","0.0","0.0"
"US1MNRM0112","LITTLE CANADA 0.9 SSW, MN US","45.01173","-93.09227","275.8","2021-12-10","0.0","0.0"
"US1MNRM0112","LITTLE CANADA 0.9 SSW, MN US","45.01173","-93.09227","275.8","2021-12-11","18.8",
"US1MNRM0112","LITTLE CANADA 0.9 SSW, MN US","45.01173","-93.09227","275.8","2021-12-12","0.0","0.0"
"US1MNRM0112","LITTLE CANADA 0.9 SSW, MN US","45.01173","-93.09227","275.8","2021-12-13","0.0","0.0"
"US1MNRM0112","LITTLE CANADA 0.9 SSW, MN US","45.01173","-93.09227","275.8","2021-12-14","0.0","0.0"
"US1MNRM0112","LITTLE CANADA 0.9 SSW, MN US","45.01173","-93.09227","275.8","2021-12-15","0.0",
"US1MNRM0112","LITTLE CANADA 0.9 SSW, MN US","45.01173","-93.09227","275.8","2021-12-16","8.9",
"US1MNRM0112","LITTLE CANADA 0.9 SSW, MN US","45.01173","-93.09227","275.8","2021-12-17","0.5",
"US1MNRM0112","LITTLE CANADA 0.9 SSW, MN US","45.01173","-93.09227","275.8","2021-12-18","2.0",
"US1MNRM0112","LITTLE CANADA 0.9 SSW, MN US","45.01173","-93.09227","275.8","2021-12-19","0.0","0.0"
"US1MNRM0112","LITTLE CANADA 0.9 SSW, MN US","45.01173","-93.09227","275.8","2021-12-20","0.0","0.0"
"US1MNRM0112","LITTLE CANADA 0.9 SSW, MN US","45.01173","-93.09227","275.8","2021-12-21","0.0",
"US1MNRM0112","LITTLE CANADA 0.9 SSW, MN US","45.01173","-93.09227","275.8","2021-12-22","1.0",
"US1MNRM0112","LITTLE CANADA 0.9 SSW, MN US","45.01173","-93.09227","275.8","2021-12-23","0.0","0.0"
"US1MNRM0112","LITTLE CANADA 0.9 SSW, MN US","45.01173","-93.09227","275.8","2021-12-24","0.0","0.0"
"US1MNRM0112","LITTLE CANADA 0.9 SSW, MN US","45.01173","-93.09227","275.8","2021-12-26","0.0","0.0"
"US1MNRM0112","LITTLE CANADA 0.9 SSW, MN US","45.01173","-93.09227","275.8","2021-12-27","8.1",
"US1MNRM0112","LITTLE CANADA 0.9 SSW, MN US","45.01173","-93.09227","275.8","2021-12-28","0.0","0.0"
"US1MNRM0112","LITTLE CANADA 0.9 SSW, MN US","45.01173","-93.09227","275.8","2021-12-29","4.1",
"US1MNRM0112","LITTLE CANADA 0.9 SSW, MN US","45.01173","-93.09227","275.8","2021-12-30","0.0",
"US1MNRM0112","LITTLE CANADA 0.9 SSW, MN US","45.01173","-93.09227","275.8","2021-12-31","0.0","0.0"
"US1MNRM0112","LITTLE CANADA 0.9 SSW, MN US","45.01173","-93.09227","275.8","2022-01-01","0.8",
"US1MNRM0112","LITTLE CANADA 0.9 SSW, MN US","45.01173","-93.09227","275.8","2022-01-02","0.0","0.0"
"US1MNRM0112","LITTLE CANADA 0.9 SSW, MN US","45.01173","-93.09227","275.8","2022-01-03","0.0","0.0"
"US1MNRM0112","LITTLE CANADA 0.9 SSW, MN US","45.01173","-93.09227","275.8","2022-01-04","0.0","0.0"
"US1MNRM0112","LITTLE CANADA 0.9 SSW, MN US","45.01173","-93.09227","275.8","2022-01-05","1.5",
"US1MNRM0112","LITTLE CANADA 0.9 SSW, MN US","45.01173","-93.09227","275.8","2022-01-06","1.8",
"US1MNRM0112","LITTLE CANADA 0.9 SSW, MN US","45.01173","-93.09227","275.8","2022-01-07","0.0","0.0"
"US1MNRM0112","LITTLE CANADA 0.9 SSW, MN US","45.01173","-93.09227","275.8","2022-01-08","0.0","0.0"
"US1MNRM0112","LITTLE CANADA 0.9 SSW, MN US","45.01173","-93.09227","275.8","2022-01-09","0.0","0.0"
"US1MNRM0112","LITTLE CANADA 0.9 SSW, MN US","45.01173","-93.09227","275.8","2022-01-10","0.0","0.0"
"US1MNRM0112","LITTLE CANADA 0.9 SSW, MN US","45.01173","-93.09227","275.8","2022-01-11","0.0","0.0"
"US1MNRM0112","LITTLE CANADA 0.9 SSW, MN US","45.01173","-93.09227","275.8","2022-01-12","0.0","0.0"
"US1MNRM0112","LITTLE CANADA 0.9 SSW, MN US","45.01173","-93.09227","275.8","2022-01-13","0.0","0.0"
"US1MNRM0112","LITTLE CANADA 0.9 SSW, MN US","45.01173","-93.09227","275.8","2022-01-14","0.8",
"US1MNRM0112","LITTLE CANADA 0.9 SSW, MN US","45.01173","-93.09227","275.8","2022-01-16","0.0","0.0"
"US1MNRM0112","LITTLE CANADA 0.9 SSW, MN US","45.01173","-93.09227","275.8","2022-01-17","0.0","0.0"
"US1MNRM0112","LITTLE CANADA 0.9 SSW, MN US","45.01173","-93.09227","275.8","2022-01-19","0.0","0.0"
"US1MNRM0112","LITTLE CANADA 0.9 SSW, MN US","45.01173","-93.09227","275.8","2022-01-20","0.0","0.0"
"US1MNRM0112","LITTLE CANADA 0.9 SSW, MN US","45.01173","-93.09227","275.8","2022-01-22","1.0",
"US1MNRM0112","LITTLE CANADA 0.9 SSW, MN US","45.01173","-93.09227","275.8","2022-01-23","1.8",
"US1MNRM0112","LITTLE CANADA 0.9 SSW, MN US","45.01173","-93.09227","275.8","2022-01-24","1.5",
"US1MNRM0112","LITTLE CANADA 0.9 SSW, MN US","45.01173","-93.09227","275.8","2022-01-25","0.0","0.0"
"US1MNRM0112","LITTLE CANADA 0.9 SSW, MN US","45.01173","-93.09227","275.8","2022-01-26","0.0","0.0"
"US1MNRM0112","LITTLE CANADA 0.9 SSW, MN US","45.01173","-93.09227","275.8","2022-01-30","0.0","0.0"
"US1MNRM0112","LITTLE CANADA 0.9 SSW, MN US","45.01173","-93.09227","275.8","2022-02-02","0.0","0.0"
"US1MNRM0112","LITTLE CANADA 0.9 SSW, MN US","45.01173","-93.09227","275.8","2022-02-03","0.0","0.0"
"US1MNRM0112","LITTLE CANADA 0.9 SSW, MN US","45.01173","-93.09227","275.8","2022-02-11","2.5",
